City_ID,City,Country,Lat,Lng,Max Temp,Humidity,Cloudiness,Wind Speed,Current Description
0,Arraial Do Cabo,BR,-22.9661,-42.0278,80.56,54,0,17.27,clear sky
1,Torbay,CA,47.6666,-52.7314,74.17,71,90,25.32,overcast clouds
2,Hasaki,JP,35.7333,140.8333,68.4,93,100,14.32,overcast clouds
3,Almaznyy,RU,48.0448,40.045,75.34,84,76,5.91,broken clouds
4,Tasiilaq,GL,65.6145,-37.6368,51.96,70,14,5.17,few clouds
5,Busselton,AU,-33.65,115.3333,56.08,71,82,16.15,broken clouds
6,Borujerd,IR,33.8973,48.7516,75.85,13,10,4.12,clear sky
7,Atuona,PF,-9.8,-139.0333,77.27,82,19,22.28,light rain
8,Ushuaia,AR,-54.8,-68.3,47.86,53,0,9.22,clear sky
9,Port Elizabeth,ZA,-33.918,25.5701,59.29,44,0,3.44,clear sky
10,Gat,IL,31.61,34.7642,84.4,47,0,9.13,clear sky
11,Mataura,NZ,-46.1927,168.8643,38.48,94,100,12.06,overcast clouds
12,Waipawa,NZ,-41.4122,175.5153,54.23,74,8,22.44,clear sky
13,Cherskiy,RU,68.75,161.3,67.77,43,72,8.28,broken clouds
14,Puerto Ayora,EC,-0.7393,-90.3518,80.56,87,69,4.0,broken clouds
15,Trapani,IT,37.8333,12.6667,87.89,43,0,5.75,clear sky
16,Skibbereen,IE,51.55,-9.2667,69.6,72,26,6.76,scattered clouds
17,Pisco,PE,-13.7,-76.2167,66.02,77,90,6.91,overcast clouds
18,Washington,US,47.5001,-120.5015,97.0,21,0,5.12,clear sky
19,Eureka,US,40.8021,-124.1637,63.79,81,69,5.01,broken clouds
20,Sakaiminato,JP,35.55,133.2333,71.58,94,75,5.75,broken clouds
21,Pringsewu,ID,-5.3582,104.9744,73.17,97,68,1.21,broken clouds
22,Xuddur,SO,4.1213,43.8894,78.6,51,100,14.23,overcast clouds
23,Port Alfred,ZA,-33.5906,26.891,63.43,44,28,10.71,scattered clouds
24,Marshall,US,34.3834,-86.3333,88.61,66,40,4.0,scattered clouds
25,Marawi,PH,7.9986,124.2928,63.64,92,100,3.38,overcast clouds
26,Albany,US,42.6001,-73.9662,91.81,55,97,10.2,overcast clouds
27,Rikitea,PF,-23.1203,-134.9692,74.8,77,32,10.76,light rain
28,Fortuna,US,40.5982,-124.1573,63.52,82,20,8.05,few clouds
29,Vostok,RU,46.4856,135.8833,57.22,89,27,2.57,scattered clouds
30,Kruisfontein,ZA,-34.0033,24.7314,57.07,31,35,5.19,scattered clouds
31,Margate,GB,51.3813,1.3862,64.9,95,99,1.99,moderate rain
32,Taltal,CL,-25.4,-70.4833,63.03,66,42,5.48,scattered clouds
33,Hermanus,ZA,-34.4187,19.2345,58.8,70,87,18.59,overcast clouds
34,Nouadhibou,MR,20.931,-17.0347,71.58,73,6,23.02,clear sky
35,Hilo,US,19.7297,-155.09,74.8,88,90,6.91,moderate rain
36,Mana,GF,5.6592,-53.7767,83.17,70,22,7.83,few clouds
37,Kapaa,US,22.0752,-159.319,73.72,68,75,8.05,broken clouds
38,Sokoto,NG,13.0609,5.239,93.15,37,7,12.59,clear sky
39,Dakor,IN,22.75,73.15,86.02,62,100,9.95,heavy intensity rain
40,Bud,US,39.447,-86.1758,87.75,72,9,15.48,clear sky
41,Poshekhonye,RU,58.4993,39.1353,71.29,82,33,4.65,heavy intensity rain
42,Bethel,US,41.3712,-73.414,88.95,70,75,3.0,broken clouds
43,Hambantota,LK,6.1241,81.1185,79.75,80,100,14.29,overcast clouds
44,Vaini,TO,-21.2,-175.2,71.76,73,20,12.66,few clouds
45,Constitucion,CL,-35.3333,-72.4167,51.73,43,0,4.68,clear sky
46,Butaritari,KI,3.0707,172.7902,81.7,77,100,13.42,light rain
47,New Norfolk,AU,-42.7826,147.0587,42.3,82,26,2.62,scattered clouds
48,Flinders,AU,-34.5833,150.8552,49.05,83,37,6.04,scattered clouds
49,Hobart,AU,-42.8794,147.3294,42.66,89,21,4.61,few clouds
50,Alofi,NU,-19.0595,-169.9187,69.69,88,32,8.05,scattered clouds
51,Batemans Bay,AU,-35.7167,150.1833,48.9,86,9,3.49,clear sky
52,Cidreira,BR,-30.1811,-50.2056,52.86,92,100,15.82,light rain
53,Mandiana,GN,10.6333,-8.6833,94.57,32,73,8.34,broken clouds
54,Haapiti,PF,-17.5667,-149.8667,76.73,73,100,7.61,overcast clouds
55,Mahenge,TZ,-8.6833,36.7167,65.95,52,81,1.43,broken clouds
56,Ourossogui,SN,15.6064,-13.3211,105.8,31,20,6.91,few clouds
57,Sutton,GB,51.35,-0.2,68.9,87,75,1.01,light rain
58,Nikolskoye,RU,59.7035,30.7861,73.29,69,100,5.41,overcast clouds
59,Lagunas,PE,-5.2269,-75.6753,92.88,43,76,2.08,broken clouds
60,Anadyr,RU,64.75,177.4833,41.5,86,77,17.0,fog
61,Aklavik,CA,68.2191,-135.0107,66.92,77,40,3.44,scattered clouds
62,Badulla,LK,6.9895,81.0557,71.67,67,100,3.71,light rain
63,Te Anau,NZ,-45.4167,167.7167,37.99,82,88,8.57,light rain
64,Qaanaaq,GL,77.484,-69.3632,38.53,82,99,1.12,overcast clouds
65,Codrington,AU,-38.2667,141.9667,43.43,90,0,7.81,clear sky
66,Laguna,US,38.421,-121.4238,101.43,55,1,9.22,clear sky
67,Noumea,NC,-22.2763,166.4572,72.0,99,37,7.02,scattered clouds
68,Hithadhoo,MV,-0.6,73.0833,82.67,72,96,5.68,overcast clouds
69,Puerto Escondido,MX,15.85,-97.0667,85.03,58,90,6.91,overcast clouds
70,Lebu,CL,-37.6167,-73.65,50.94,55,0,12.84,clear sky
71,Broken Hill,AU,-31.95,141.4333,38.91,87,0,6.91,clear sky
72,Jamestown,US,42.097,-79.2353,86.02,57,20,15.99,few clouds
73,Inuvik,CA,68.3499,-133.7218,66.96,75,20,8.05,few clouds
74,Cayenne,GF,4.9333,-52.3333,89.64,72,0,4.0,clear sky
75,Cape Town,ZA,-33.9258,18.4232,58.87,73,40,5.01,scattered clouds
76,Paamiut,GL,61.994,-49.6678,45.12,92,100,19.95,light rain
77,Vila Velha,BR,-20.3297,-40.2925,76.95,61,40,9.22,scattered clouds
78,Ilulissat,GL,69.2167,-51.1,42.82,87,90,11.5,light rain
79,Sigmaringen,DE,48.0833,9.2167,76.42,83,100,5.55,overcast clouds
80,Saint-Philippe,RE,-21.3585,55.7679,72.95,82,36,9.86,scattered clouds
81,Tuktoyaktuk,CA,69.4541,-133.0374,51.8,87,90,11.5,light rain
82,Omboue,GA,-1.5746,9.2618,74.08,88,100,7.54,overcast clouds
83,Zeya,RU,53.75,127.2667,60.78,95,17,2.24,few clouds
84,Punta Arenas,CL,-53.15,-70.9167,48.31,53,75,11.5,broken clouds
85,Geraldton,AU,-28.7667,114.6,61.21,88,90,6.91,overcast clouds
86,Strezhevoy,RU,60.7333,77.5889,57.18,62,95,4.43,overcast clouds
87,Sitka,US,57.0531,-135.33,62.49,67,40,3.44,scattered clouds
88,Pangkalanbuun,ID,-2.6833,111.6167,76.17,92,84,1.39,broken clouds
89,Upernavik,GL,72.7868,-56.1549,39.52,80,63,12.19,broken clouds
90,Huarmey,PE,-10.0681,-78.1522,68.7,69,73,10.6,broken clouds
91,Praia,CV,14.9215,-23.5087,86.54,51,0,13.8,clear sky
92,Pevek,RU,69.7008,170.3133,36.18,91,73,5.46,broken clouds
93,Luorong,CN,24.4058,109.6086,79.0,91,99,3.22,overcast clouds
94,Chara,RU,56.9064,118.2631,66.02,61,73,0.65,broken clouds
95,Angoram,PG,-4.0625,144.0661,72.64,99,41,1.1,scattered clouds
96,Portland,US,45.5234,-122.6762,99.45,44,1,1.99,clear sky
97,Vardo,NO,70.3705,31.1107,57.4,77,0,10.36,clear sky
98,Barrow,US,71.2906,-156.7887,44.62,72,20,17.27,few clouds
99,Mar Del Plata,AR,-38.0023,-57.5575,52.0,63,40,4.0,scattered clouds
100,Markova,UA,48.6758,24.4138,72.99,90,66,2.26,broken clouds
101,Talnakh,RU,69.4865,88.3972,49.15,87,89,5.93,overcast clouds
102,Kaitangata,NZ,-46.2817,169.8464,41.94,77,100,12.82,overcast clouds
103,Ponta Do Sol,PT,32.6667,-17.1,73.71,69,9,3.76,clear sky
104,Sabang,ID,5.8933,95.3214,82.94,74,38,14.25,scattered clouds
105,Angermunde,DE,53.015,13.9992,79.05,66,78,2.62,broken clouds
106,Kassala,SD,15.451,36.4,94.33,32,100,5.64,overcast clouds
107,Dunedin,NZ,-45.8742,170.5036,40.8,72,100,18.99,overcast clouds
108,Kaeo,NZ,-35.1,173.7833,56.32,96,97,8.72,overcast clouds
109,Camacha,PT,33.0833,-16.3333,68.76,68,75,11.5,broken clouds
110,Arkhangelsk,RU,64.5401,40.5433,71.71,60,20,4.47,few clouds
111,Green River,US,41.5286,-109.4662,69.15,36,16,7.11,few clouds
112,San Patricio,US,28.017,-97.5169,91.81,51,33,13.13,scattered clouds
113,Dingle,PH,10.9995,122.6711,77.49,89,100,2.53,overcast clouds
114,Nanortalik,GL,60.1432,-45.2371,49.03,85,80,12.37,broken clouds
115,Khatanga,RU,71.9667,102.5,48.67,56,100,11.56,overcast clouds
116,Klyuchi,RU,52.2667,79.1667,63.88,50,95,9.42,overcast clouds
117,Mangai,CD,-4.05,19.5333,79.79,28,20,1.03,few clouds
118,Pacific Grove,US,36.6177,-121.9166,79.63,91,90,3.0,overcast clouds
119,Dagumba-An,PH,8.1531,124.5908,65.68,95,100,3.65,overcast clouds
120,Esperance,AU,-33.8667,121.9,55.24,45,41,22.88,scattered clouds
121,Kyabe,TD,9.4515,18.9449,74.48,91,99,9.98,heavy intensity rain
122,Mahajanga,MG,-15.7167,46.3167,71.62,88,0,4.61,clear sky
123,Lasa,IT,46.6166,10.7002,78.71,82,98,1.1,overcast clouds
124,Cabo San Lucas,MX,22.8909,-109.9124,97.81,40,1,16.11,clear sky
125,Pathein,MM,16.7833,94.7333,79.27,91,93,5.12,overcast clouds
126,Georgetown,MY,5.4112,100.3354,80.53,91,40,1.01,scattered clouds
127,Merauke,ID,-8.4667,140.3333,75.79,90,42,11.68,scattered clouds
128,Saskylakh,RU,71.9167,114.0833,43.23,83,100,12.8,overcast clouds
129,Yellowknife,CA,62.456,-114.3525,63.12,48,75,10.36,broken clouds
130,Buala,SB,-8.145,159.5921,78.55,80,89,7.9,overcast clouds
131,Tura,IN,25.5198,90.2201,74.34,95,83,5.03,heavy intensity rain
132,Morant Bay,JM,17.8815,-76.4093,88.63,64,64,11.9,broken clouds
133,Torrington,US,41.8007,-73.1212,88.88,73,100,1.99,overcast clouds
134,Thompson,CA,55.7435,-97.8558,62.76,63,75,11.5,broken clouds
135,Jackson,US,42.4165,-122.8345,105.42,36,1,3.44,clear sky
136,Agirish,RU,61.9247,63.0231,58.03,83,20,5.06,few clouds
137,Valtotopion,GR,41.0,23.6,89.49,59,12,4.25,few clouds
138,Marsa Matruh,EG,31.3525,27.2453,82.6,69,0,11.5,clear sky
139,Westport,US,41.1415,-73.3579,90.86,77,1,1.01,clear sky
140,Erdenet,MN,49.0333,104.0833,54.34,96,61,3.65,broken clouds
141,Saldanha,ZA,-33.0117,17.9442,53.65,82,25,13.13,scattered clouds
142,Abu Kamal,SY,34.4506,40.9171,99.45,16,0,13.6,clear sky
143,Areosa,PT,41.7178,-8.8571,69.31,72,48,13.29,scattered clouds
144,Malangali,TZ,-8.5667,34.85,60.1,62,7,13.35,clear sky
145,Longyearbyen,SJ,78.2186,15.6401,48.04,61,0,4.61,clear sky
146,Boueni,YT,-12.9025,45.0761,76.98,72,39,7.27,scattered clouds
147,Bredasdorp,ZA,-34.5322,20.0403,58.28,87,95,3.44,overcast clouds
148,Tamandare,BR,-8.7597,-35.1047,77.58,71,95,14.18,overcast clouds
149,Norman Wells,CA,65.282,-126.8329,68.04,68,75,14.97,broken clouds
150,Victoria,HK,22.2855,114.1577,86.38,88,100,5.99,overcast clouds
151,Ribeira Grande,PT,38.5167,-28.7,72.0,83,40,5.75,scattered clouds
152,Caravelas,BR,-17.7125,-39.2481,75.47,55,59,7.7,broken clouds
153,Bitung,ID,1.4451,125.1824,74.25,84,79,5.61,broken clouds
154,Praya,CV,14.9215,-23.5087,86.54,51,0,13.8,clear sky
155,Angoche,MZ,-16.2325,39.9086,73.31,69,26,9.22,scattered clouds
156,Carnarvon,AU,-24.8667,113.6333,57.27,64,28,6.91,scattered clouds
157,Banes,CU,20.9625,-75.7186,90.21,61,52,11.95,broken clouds
158,Garissa,KE,-0.4536,39.6401,78.42,55,57,20.38,broken clouds
159,Russell,US,32.3502,-85.1999,87.91,62,40,4.61,scattered clouds
160,Camocim,BR,-2.9022,-40.8411,87.67,51,84,6.91,broken clouds
161,Kununurra,AU,-15.7667,128.7333,58.98,72,80,3.44,broken clouds
162,Burladingen,DE,48.2833,9.1167,73.09,65,100,5.57,overcast clouds
163,Hrodna,BY,53.6884,23.8258,65.8,80,63,7.27,broken clouds
164,Erzin,TR,36.9559,36.2,82.92,68,0,3.4,clear sky
165,Broome,US,42.2506,-75.833,89.69,57,20,3.0,few clouds
166,Zhigansk,RU,66.7697,123.3711,61.32,83,100,9.84,light rain
167,Narsaq,GL,60.9167,-46.05,59.22,76,98,4.76,overcast clouds
168,Upington,ZA,-28.4478,21.2561,66.58,26,0,8.05,clear sky
169,Taoudenni,ML,22.6783,-3.9836,115.81,5,15,9.08,few clouds
170,Halifax,CA,44.6453,-63.5724,80.53,80,90,1.99,overcast clouds
171,Cantapoy,PH,9.4906,125.4364,80.33,77,100,3.15,overcast clouds
172,Traiguen,CL,-38.25,-72.6833,46.76,56,2,6.17,clear sky
173,Krasnoselkup,RU,65.7,82.4667,51.01,62,99,8.77,overcast clouds
174,Severo-Kurilsk,RU,50.6789,156.125,44.28,90,53,13.27,broken clouds
175,Deputatskiy,RU,69.3,139.9,56.25,74,76,2.89,broken clouds
176,Quelimane,MZ,-17.8786,36.8883,73.35,88,0,8.05,clear sky
177,Avarua,CK,-21.2078,-159.775,71.65,60,75,14.97,broken clouds
178,Banda Aceh,ID,5.5577,95.3222,80.55,78,84,9.22,broken clouds
179,Severobaykalsk,RU,55.65,109.3167,51.21,88,99,1.36,overcast clouds
180,Aktash,RU,50.3,87.7333,33.57,86,44,2.04,scattered clouds
181,Kodiak,US,57.79,-152.4072,47.71,93,90,6.91,mist
182,Dikson,RU,73.5069,80.5464,34.63,79,99,10.09,overcast clouds
183,Husavik,IS,66.0449,-17.3389,58.91,69,98,6.11,overcast clouds
184,Madinat Sittah Uktubar,EG,29.8167,31.05,97.56,24,0,18.92,clear sky
185,Port Lincoln,AU,-34.7333,135.8667,53.33,86,8,8.23,clear sky
186,Lishui,CN,28.4604,119.9103,77.22,98,100,1.05,light rain
187,Monroe,US,43.1501,-77.6831,90.46,56,75,17.27,broken clouds
188,Namatanai,PG,-3.6667,152.4333,78.71,84,100,5.93,light rain
189,Hue,VN,16.4667,107.6,87.91,62,20,3.44,few clouds
190,Surt,LY,31.2089,16.5887,84.13,53,0,10.67,clear sky
191,Batagay,RU,67.6333,134.6333,62.6,69,26,4.68,scattered clouds
192,Kapit,MY,2.0167,112.9333,73.11,99,97,0.49,light rain
193,Vao,NC,-22.6667,167.4833,73.42,75,96,15.55,overcast clouds
194,Porto Novo,BJ,6.4965,2.6036,78.04,82,100,5.32,overcast clouds
195,Hailar,CN,49.2,119.7,64.04,73,26,4.38,scattered clouds
196,Tuatapere,NZ,-46.1333,167.6833,38.82,82,100,22.06,overcast clouds
197,Taksimo,RU,56.3444,114.8794,63.45,86,100,3.42,overcast clouds
198,Tongliao,CN,43.6125,122.2653,65.93,93,100,4.05,overcast clouds
199,Lagoa,PT,39.05,-27.9833,67.59,89,47,13.0,scattered clouds
200,Kaya,BF,13.0917,-1.0844,97.34,29,7,2.13,clear sky
201,Dolton,US,41.6389,-87.6073,82.38,69,75,17.27,broken clouds
202,Piney Green,US,34.716,-77.3202,89.19,63,1,8.05,clear sky
203,Nizhneangarsk,RU,55.7833,109.55,50.83,89,99,1.7,light rain
204,Lamar,US,33.6668,-95.5836,87.96,72,85,7.38,overcast clouds
205,Abu Samrah,SY,35.3029,37.1841,88.23,30,0,9.82,clear sky
206,Xichang,CN,27.8964,102.2634,69.4,97,100,1.83,moderate rain
207,Chuy,UY,-33.6971,-53.4616,50.25,74,51,14.16,broken clouds
208,Troitskoye,RU,52.9821,84.6757,54.95,79,90,7.27,overcast clouds
209,Guerrero Negro,MX,27.9769,-114.0611,71.64,60,50,13.76,scattered clouds
210,Dwarka,IN,22.2394,68.9678,84.38,71,8,15.68,clear sky
211,Victor Harbor,AU,-35.5667,138.6167,55.18,93,23,4.88,few clouds
212,Puri,IN,19.8,85.85,87.39,82,23,14.94,few clouds
213,Uvat,RU,59.1433,68.8953,55.94,80,75,5.59,broken clouds
214,Saint Andrews,US,34.0454,-81.1293,90.75,61,40,1.99,scattered clouds
215,Ilo,PE,-17.6394,-71.3375,64.69,68,85,8.97,overcast clouds
216,Bathsheba,BB,13.2167,-59.5167,88.41,55,40,20.71,scattered clouds
217,Ancud,CL,-41.8697,-73.8203,49.23,68,66,4.38,broken clouds
218,Alpine,US,32.835,-116.7664,100.67,46,1,0.0,clear sky
219,Terney,RU,45.0503,136.6092,55.62,99,62,8.12,broken clouds
220,Hofn,IS,64.2539,-15.2082,51.98,66,93,6.58,overcast clouds
221,Bengkulu,ID,-3.8004,102.2655,74.7,93,94,5.08,overcast clouds
222,Farafangana,MG,-22.8167,47.8333,68.79,87,1,6.33,light rain
223,Faanui,PF,-16.4833,-151.75,79.63,77,100,9.69,light rain
224,Roald,NO,62.5833,6.1333,64.11,77,40,19.57,scattered clouds
225,Yumen,CN,40.2833,97.2,74.21,26,32,5.28,scattered clouds
226,Tiarei,PF,-17.5333,-149.3333,77.02,78,64,7.85,broken clouds
227,Benguela,AO,-12.5763,13.4055,71.87,84,63,4.16,broken clouds
228,San Cristobal,VE,7.7669,-72.225,77.18,70,55,6.69,broken clouds
229,Iralaya,HN,15.0,-83.2333,84.29,65,80,7.67,broken clouds
230,Portree,GB,57.4129,-6.1942,56.86,84,95,4.29,overcast clouds
231,Saint Anthony,US,45.0205,-93.218,77.94,71,90,1.99,overcast clouds
232,Leningradskiy,RU,69.3833,178.4167,43.61,76,85,2.91,overcast clouds
233,Otane,NZ,-39.8833,176.6333,52.39,60,68,15.08,light rain
234,Belaya Gora,RU,68.5333,146.4167,58.23,55,51,14.45,broken clouds
235,Hermon,US,44.8101,-68.9134,88.83,66,75,3.0,broken clouds
236,Seymchan,RU,62.8833,152.4333,65.59,54,82,1.57,broken clouds
237,Agaro,ET,7.85,36.65,60.73,95,55,2.48,light rain
238,Mahebourg,MU,-20.4081,57.7,74.25,78,40,10.36,scattered clouds
239,Gotsu,JP,35.0,132.2167,68.77,90,97,3.8,overcast clouds
240,Yamada,JP,39.4667,141.95,63.1,93,98,6.53,overcast clouds
241,Borba,BR,-4.3878,-59.5939,92.64,42,49,3.71,scattered clouds
242,Bilma,NE,18.6853,12.9164,99.27,9,4,5.68,clear sky
243,Bluff,NZ,-46.6,168.3333,38.8,68,99,31.61,overcast clouds
244,Tawau,MY,4.2498,117.8871,75.33,94,81,1.01,broken clouds
245,Hyeres,FR,43.1167,6.1167,87.48,53,0,5.75,clear sky
246,Lorengau,PG,-2.0226,147.2712,80.53,80,90,4.9,overcast clouds
247,Kashi,CN,39.4547,75.9797,88.23,21,80,6.71,broken clouds
248,Killybegs,IE,54.6333,-8.45,56.44,72,100,8.63,overcast clouds
249,Segezha,RU,63.7415,34.3222,63.0,82,99,5.79,heavy intensity rain
250,Baherden,TM,38.4362,57.4316,92.14,13,0,8.52,clear sky
251,Los Llanos De Aridane,ES,28.6585,-17.9182,71.13,76,20,16.11,few clouds
252,Pundaguitan,PH,6.3711,126.1689,82.26,69,81,4.21,broken clouds
253,San Ramon,US,37.7799,-121.978,78.08,75,1,1.01,clear sky
254,Iqaluit,CA,63.7506,-68.5145,35.33,100,90,3.0,overcast clouds
255,Klaksvik,FO,62.2266,-6.589,50.92,78,56,5.08,broken clouds
256,Malakal,SS,9.5334,31.6605,82.72,64,67,4.72,broken clouds
257,Mehamn,NO,71.0357,27.8492,57.15,62,20,9.22,few clouds
258,Kamaishi,JP,39.2667,141.8833,63.81,92,95,7.65,overcast clouds
259,Neuquen,AR,-38.9516,-68.0591,46.29,46,0,8.05,clear sky
260,Nouakchott,MR,18.0858,-15.9785,78.73,74,31,12.55,scattered clouds
261,Qui Nhon,VN,13.7667,109.2333,81.39,73,41,6.85,scattered clouds
262,Hearst,CA,49.6835,-83.6665,61.05,51,98,4.16,overcast clouds
263,Ust-Maya,RU,60.4167,134.5333,56.62,83,14,0.6,few clouds
264,Glendive,US,47.1053,-104.7125,76.95,66,75,5.75,broken clouds
265,Bundaberg,AU,-24.85,152.35,61.21,73,90,5.01,overcast clouds
266,Novobirilyussy,RU,56.9514,90.6661,48.96,98,65,5.48,broken clouds
267,Coihueco,CL,-36.6167,-71.8333,41.74,75,0,3.44,clear sky
268,Flin Flon,CA,54.7682,-101.865,71.44,46,20,10.36,few clouds
269,Salalah,OM,17.0151,54.0924,80.69,94,75,9.22,broken clouds
270,Mugur-Aksy,RU,50.35,90.5,41.23,92,82,5.28,broken clouds
271,Nianzishan,CN,47.5167,122.8833,70.9,72,92,1.95,overcast clouds
272,Ust-Omchug,RU,61.15,149.6333,59.77,69,83,2.95,broken clouds
273,Cam Ranh,VN,11.9214,109.1591,80.56,69,20,3.44,few clouds
274,Hami,CN,42.8,93.45,73.13,25,68,19.55,broken clouds
275,Ahipara,NZ,-35.1667,173.1667,59.0,87,99,11.95,overcast clouds
276,Novocheboksarsk,RU,56.111,47.4776,82.96,57,20,6.71,few clouds
277,Benghazi,LY,32.1167,20.0667,83.79,57,0,12.84,clear sky
278,Mount Isa,AU,-20.7333,139.5,53.37,50,97,10.36,overcast clouds
279,Redlands,US,34.0556,-117.1825,107.87,24,1,3.44,clear sky
280,Panama City,PA,8.9936,-79.5197,89.13,73,40,4.61,scattered clouds
281,Clyde River,CA,70.4692,-68.5914,34.03,93,90,17.27,light snow
282,Arroio Grande,BR,-32.2375,-53.0869,51.69,72,100,14.38,overcast clouds
283,Bay Roberts,CA,47.5999,-53.2648,74.95,71,93,8.99,overcast clouds
284,Mikasa,JP,43.251,141.9043,61.3,85,18,3.71,few clouds
285,Chokurdakh,RU,70.6333,147.9167,43.72,71,59,10.31,broken clouds
286,Grand Gaube,MU,-20.0064,57.6608,74.37,78,32,10.0,scattered clouds
287,Keti Bandar,PK,24.1447,67.4497,83.93,71,34,15.14,scattered clouds
288,Bintulu,MY,3.1667,113.0333,75.61,100,40,3.0,moderate rain
289,Haines Junction,CA,60.7522,-137.5108,64.35,55,53,2.3,broken clouds
290,Kiama,AU,-34.6833,150.8667,49.24,81,50,1.99,scattered clouds
291,Menongue,AO,-14.6585,17.691,61.47,29,58,3.56,broken clouds
292,Butte,US,39.6499,-121.5677,101.39,22,0,5.7,clear sky
293,Mount Gambier,AU,-37.8333,140.7667,44.51,93,2,6.91,clear sky
294,Sur,OM,22.5667,59.5289,85.66,61,1,16.24,clear sky
295,Saint George,US,37.1041,-113.5841,98.64,17,1,1.01,clear sky
296,Banjar,ID,-8.19,114.9675,80.46,91,69,3.44,broken clouds
297,Charters Towers,AU,-20.1,146.2667,57.85,58,100,10.96,overcast clouds
298,Oyo,NG,7.85,3.9333,77.61,74,62,3.71,broken clouds
299,Sinnamary,GF,5.3833,-52.95,82.6,72,22,7.09,few clouds
300,Ushtobe,KZ,45.2514,77.9838,67.17,35,92,15.26,overcast clouds
301,Sioux Lookout,CA,50.1001,-91.917,77.38,47,75,6.91,broken clouds
302,Hernani,ES,43.2662,-1.9762,63.91,86,75,1.01,broken clouds
303,Utiel,ES,39.5667,-1.2,83.03,20,6,14.7,clear sky
304,Beringovskiy,RU,63.05,179.3167,42.94,90,25,5.23,scattered clouds
305,Burnie,AU,-41.0667,145.9167,42.93,87,1,6.64,clear sky
306,Provideniya,RU,64.3833,-173.3,48.87,81,44,3.42,scattered clouds
307,Sambava,MG,-14.2667,50.1667,71.46,77,19,13.94,few clouds
308,Henties Bay,NA,-22.116,14.2845,59.58,84,3,1.5,clear sky
309,Rawson,AR,-43.3002,-65.1023,47.3,57,58,12.37,broken clouds
310,Tolaga Bay,NZ,-38.3667,178.3,57.02,68,100,12.35,overcast clouds
311,East London,ZA,-33.0153,27.9116,59.94,72,0,4.61,clear sky
312,Pangnirtung,CA,66.1451,-65.7125,41.0,87,75,13.8,broken clouds
313,Ajdabiya,LY,30.7554,20.2263,85.66,44,0,15.32,clear sky
314,Chulumani,BO,-16.4096,-67.5263,60.62,97,99,0.54,overcast clouds
315,Castro,BR,-24.7911,-50.0119,70.43,54,36,10.4,scattered clouds
316,Kloulklubed,PW,7.0419,134.2556,83.44,68,68,2.86,broken clouds
317,Atambua,ID,-9.1061,124.8925,70.43,88,49,5.84,scattered clouds
318,San Juan,AR,-31.5375,-68.5364,45.54,36,3,2.19,clear sky
319,Kandava,LV,57.0409,22.7747,66.72,74,64,2.66,broken clouds
320,Acapulco,MX,16.8634,-99.8901,80.42,74,90,2.3,overcast clouds
321,Vung Tau,VN,10.346,107.0843,83.25,78,71,12.35,broken clouds
322,Bull Savanna,JM,17.8868,-77.5902,84.18,61,85,14.97,overcast clouds
323,Buraydah,SA,26.326,43.975,100.85,7,0,8.63,clear sky
324,Cockburn Town,TC,21.4612,-71.1419,84.16,65,40,9.22,scattered clouds
325,Pangoa,PE,-12.1167,-73.0,81.97,60,82,3.33,broken clouds
326,Paciran,ID,-6.8767,112.3761,79.07,84,63,6.08,broken clouds
327,Qasigiannguit,GL,68.8193,-51.1922,43.05,97,99,2.86,light rain
328,Yelets,RU,52.6237,38.5017,76.55,82,30,8.37,scattered clouds
329,Cabedelo,BR,-6.9811,-34.8339,81.27,74,85,19.08,overcast clouds
330,De Aar,ZA,-30.6497,24.0123,52.61,30,2,9.08,clear sky
331,Pangody,RU,65.85,74.4859,51.96,54,67,6.58,broken clouds
332,Hirara,JP,24.8,125.2833,83.34,84,100,28.21,overcast clouds
333,Sorland,NO,67.667,12.6934,51.87,88,96,27.58,overcast clouds
334,Waitati,NZ,-45.75,170.5667,40.8,71,96,11.5,overcast clouds
335,Atar,MR,20.5169,-13.0499,111.06,6,37,19.51,scattered clouds
336,Carire,BR,-3.9506,-40.4733,94.86,25,49,2.04,scattered clouds
337,Aripuana,BR,-9.1667,-60.6333,90.27,47,39,0.72,scattered clouds
338,Harper,LR,4.375,-7.7169,76.77,87,84,7.4,moderate rain
339,Hastings,GB,50.8552,0.5729,64.33,99,100,2.66,moderate rain
340,Ghanzi,BW,-21.5667,21.7833,61.23,25,0,7.11,clear sky
341,Marystown,CA,47.1666,-55.1483,58.75,91,100,17.09,overcast clouds
342,Ostrovnoy,RU,68.0531,39.5131,58.12,65,95,12.8,overcast clouds
343,Okha,RU,53.5739,142.9478,43.74,93,0,9.15,clear sky
344,Conceicao Do Araguaia,BR,-8.2578,-49.2647,93.33,33,0,6.91,clear sky
345,Luanshya,ZM,-13.1367,28.4166,63.99,38,8,8.72,clear sky
346,Sao Joao Da Barra,BR,-21.6403,-41.0511,80.69,68,13,19.15,few clouds
347,Nehe,CN,48.4833,124.8333,64.83,87,5,5.01,clear sky
348,Alyangula,AU,-13.8483,136.4192,62.47,100,17,0.0,few clouds
349,Kharp,RU,66.8014,65.8081,45.99,83,45,10.11,scattered clouds
350,Udachnyy,RU,66.4167,112.4,58.41,65,59,7.67,broken clouds
351,Grindavik,IS,63.8424,-22.4338,51.75,100,90,11.5,mist
352,Lompoc,US,34.6391,-120.4579,90.1,85,90,10.36,overcast clouds
353,Koboko,UG,3.4136,30.9599,70.25,53,96,2.66,overcast clouds
354,Tigzirt,DZ,36.8886,4.1198,75.49,73,14,3.09,few clouds
355,Padang,ID,-0.9492,100.3543,73.45,88,98,3.6,overcast clouds
356,Challapata,BO,-18.9,-66.7667,49.41,20,95,13.98,overcast clouds
357,Hatillo,PR,18.4863,-66.8254,89.38,83,81,6.6,broken clouds
358,Ulladulla,AU,-35.35,150.4667,48.87,73,59,5.5,broken clouds
359,Balkanabat,TM,39.5108,54.3671,98.76,15,34,11.12,scattered clouds
360,Porto Walter,BR,-8.2686,-72.7439,90.48,44,44,2.35,scattered clouds
361,Abnub,EG,27.2696,31.1511,98.82,15,0,10.83,clear sky
362,Zhangjiakou,CN,40.81,114.8794,72.63,56,31,3.4,scattered clouds
363,Quatre Cocos,MU,-20.2078,57.7625,74.08,78,14,15.41,few clouds
364,Sotnikovskoye,RU,45.0039,43.7772,79.21,68,85,9.8,overcast clouds
365,Cuenca,EC,-2.8833,-78.9833,68.13,52,40,7.56,light rain
366,Adrar,MR,20.5022,-10.0711,109.58,6,40,8.01,scattered clouds
367,Chuncheng,CN,22.1731,111.7886,79.48,92,100,1.99,overcast clouds
368,Coquimbo,CL,-29.9533,-71.3436,60.53,63,0,8.05,clear sky
369,Forestville,US,38.8451,-76.875,91.49,65,75,12.66,broken clouds
370,Spearfish,US,44.4908,-103.8594,73.85,50,77,3.0,light rain
371,Moa,CU,20.6569,-74.9403,86.77,65,23,11.54,few clouds
372,Asau,RO,46.4333,26.4,72.52,93,40,1.79,scattered clouds
373,Lianran,CN,24.9227,102.485,68.54,96,100,3.04,overcast clouds
374,Itaituba,BR,-4.2761,-55.9836,91.56,55,40,1.23,scattered clouds
375,Bilibino,RU,68.0546,166.4372,68.05,46,91,4.12,overcast clouds
376,Serro,BR,-18.6047,-43.3794,73.69,37,16,6.35,few clouds
377,Lubsko,PL,51.7847,14.972,77.88,56,84,1.95,broken clouds
378,Bonavista,CA,48.6499,-53.1147,64.4,84,100,18.3,light rain
379,Mound,US,44.9366,-93.6661,78.78,71,67,5.99,broken clouds
380,Vikulovo,RU,56.8167,70.6107,59.95,96,35,6.38,scattered clouds
381,Kirakira,SB,-10.4544,161.9205,77.56,82,94,10.63,overcast clouds
382,Dawlatabad,AF,36.4141,64.9053,85.69,13,1,5.5,clear sky
383,Sola,VU,-13.8833,167.55,79.83,71,89,16.31,overcast clouds
384,Lerwick,GB,60.1545,-1.1494,51.8,82,95,13.8,overcast clouds
385,Lavrentiya,RU,65.5833,-171.0,46.71,84,43,4.54,scattered clouds
386,Marsh Harbour,BS,26.5412,-77.0636,82.15,68,4,14.81,clear sky
387,Bambanglipuro,ID,-7.95,110.2833,57.6,89,65,3.24,broken clouds
388,Yakeshi,CN,49.2833,120.7333,60.15,87,33,3.11,scattered clouds
389,Ambulu,ID,-8.345,113.6058,75.49,92,32,3.24,scattered clouds
390,Yulara,AU,-25.2406,130.9889,46.24,61,51,6.91,broken clouds
391,Meridian,US,43.6121,-116.3915,92.84,26,1,1.01,clear sky
392,Tapes,BR,-30.6733,-51.3958,55.13,79,100,12.37,overcast clouds
393,Le Robert,MQ,14.6775,-60.9392,87.85,28,75,16.11,broken clouds
394,Kahului,US,20.8947,-156.47,78.84,82,40,6.91,scattered clouds
395,Nacala,MZ,-14.5428,40.6728,70.99,69,10,6.22,clear sky
396,Pemangkat,ID,1.1667,108.9667,76.96,85,99,3.38,light rain
397,Tupelo,US,34.2576,-88.7034,89.26,58,20,8.01,few clouds
398,Praia Da Vitoria,PT,38.7333,-27.0667,71.85,83,75,10.69,fog
399,Rudbar,AF,30.15,62.6,91.35,10,0,5.32,clear sky
400,Obo,CF,5.3998,26.4869,70.39,83,90,2.44,overcast clouds
401,Luderitz,NA,-26.6481,15.1594,56.93,71,2,4.29,clear sky
402,Payo,ID,-3.7508,103.6372,71.87,97,68,2.39,broken clouds
403,Airai,TL,-8.9266,125.4092,56.17,89,62,3.83,broken clouds
404,Batsfjord,NO,70.6345,29.7185,57.42,94,100,5.14,overcast clouds
405,Balabac,PH,7.9868,117.0645,81.36,78,97,5.95,overcast clouds
406,Karratha,AU,-20.7377,116.8463,65.5,67,5,6.13,clear sky
407,Susangerd,IR,31.5608,48.1831,100.42,7,0,9.26,clear sky
408,Am Timan,TD,11.0297,20.2827,85.68,46,100,5.55,overcast clouds
409,Pitsunda,GE,43.1592,40.3378,77.18,85,7,3.24,clear sky
410,Kavaratti,IN,10.5669,72.642,81.7,80,92,14.83,overcast clouds
411,Bandarbeyla,SO,9.4942,50.8122,77.63,83,66,27.6,broken clouds
412,Lata,PT,40.1629,-8.3327,71.04,48,4,11.77,clear sky
413,Sisimiut,GL,66.9395,-53.6735,41.23,97,100,2.59,light rain
414,Tourlaville,FR,49.6383,-1.5664,66.79,70,75,10.36,moderate rain
415,Polunochnoye,RU,60.8697,60.4153,64.69,67,91,2.57,overcast clouds
416,Opuwo,NA,-18.0607,13.84,66.42,19,1,6.71,clear sky
417,Jilib,SO,0.4883,42.7854,73.11,85,48,5.37,scattered clouds
418,Xinxiang,CN,35.3089,113.8672,82.04,61,13,1.83,few clouds
419,Mao,ES,39.8885,4.2658,81.16,47,0,6.91,clear sky
420,Fayaoue,NC,-20.65,166.5333,75.11,73,61,12.15,broken clouds
421,Saint-Augustin,CA,51.226,-58.6502,57.4,95,98,8.57,overcast clouds
422,Ketchikan,US,55.3422,-131.6461,75.52,63,2,5.99,clear sky
423,Goundam,ML,16.4145,-3.6708,106.32,14,78,4.63,broken clouds
424,Malatya,TR,38.5,38.0,84.25,25,20,14.97,few clouds
425,Inirida,CO,3.8653,-67.9239,84.69,67,84,3.74,broken clouds
426,Zhicheng,CN,30.2956,111.5047,79.5,88,100,2.42,light rain
427,Imperial Beach,US,32.5839,-117.1131,95.94,72,1,4.0,clear sky
428,Vestmannaeyjar,IS,63.4427,-20.2734,50.99,93,90,9.22,mist
429,Yar-Sale,RU,66.8333,70.8333,52.39,60,100,5.46,overcast clouds
430,Crateus,BR,-5.1783,-40.6775,93.92,23,40,6.11,scattered clouds
431,Madina,GH,5.6823,-0.1641,80.56,83,40,4.61,scattered clouds
432,Kapoeta,SS,4.7717,33.5903,85.03,35,91,17.45,overcast clouds
433,Chinchani,IN,19.8667,72.7,82.54,82,100,8.61,light rain
434,Port Macquarie,AU,-31.4333,152.9167,45.37,76,0,6.6,clear sky
435,Mamou,GN,10.5,-12.0,77.63,84,27,6.33,light rain
436,Kazachinskoye,RU,57.6953,93.2761,50.97,98,95,5.39,overcast clouds
437,Tual,ID,-5.6667,132.75,81.12,79,29,18.48,scattered clouds
438,Olafsvik,IS,64.8945,-23.7142,49.62,94,100,6.11,overcast clouds
439,La Rioja,ES,42.25,-2.5,73.04,64,98,6.06,overcast clouds
440,Evensk,RU,61.95,159.2333,57.79,76,76,0.51,broken clouds
441,Gambela,ET,8.25,34.5833,69.51,96,83,7.25,light rain
442,Ugoofaaru,MV,5.6667,73.0,80.47,77,100,7.58,heavy intensity rain
443,Butterworth,MY,5.3991,100.3638,80.64,92,40,1.01,scattered clouds
444,Esik,KZ,43.3552,77.4525,62.02,37,13,8.16,few clouds
445,La Asuncion,VE,11.0333,-63.8628,85.73,70,66,21.85,broken clouds
446,Madaoua,NE,14.073,5.96,98.49,28,0,15.9,clear sky
447,Bratsk,RU,56.1325,101.6142,55.89,81,96,2.51,light rain
448,Cumpas,MX,29.9833,-109.7833,96.89,19,0,5.12,clear sky
449,Ponta Delgada,PT,37.7333,-25.6667,70.52,94,75,12.66,broken clouds
450,Bogo,PH,11.0517,124.0055,80.65,77,98,4.07,overcast clouds
451,Mareeba,AU,-17.0,145.4333,66.92,88,66,2.42,broken clouds
452,Kirovskiy,RU,45.0917,133.5136,61.45,93,24,1.54,few clouds
453,Ulaangom,MN,49.9811,92.0667,57.94,50,76,11.27,broken clouds
454,Rovaniemi,FI,66.5,25.7167,65.61,42,0,12.66,clear sky
455,Astoria,US,46.1879,-123.8313,95.7,51,0,5.86,clear sky
456,Uyuni,BO,-20.4597,-66.825,45.34,18,50,21.07,scattered clouds
457,Dhidhdhoo,MV,6.8833,73.1,82.76,74,100,11.77,overcast clouds
458,Boralday,KZ,43.3578,76.8594,66.06,39,20,4.47,few clouds
459,Vallenar,CL,-28.5708,-70.7581,67.91,18,0,2.13,clear sky
460,Sindou,BF,10.6667,-5.1667,88.83,48,28,4.52,scattered clouds
461,Valparaiso,CL,-33.0393,-71.6273,64.63,26,0,5.75,clear sky
462,Porto-Vecchio,FR,41.591,9.2795,83.86,48,0,10.36,clear sky
463,Wajir,KE,1.7471,40.0573,85.96,42,75,4.61,broken clouds
464,Kavieng,PG,-2.5744,150.7967,80.4,79,100,5.41,moderate rain
465,Korla,CN,41.7597,86.1469,79.48,9,7,16.13,clear sky
466,Ullapool,GB,57.8987,-5.1604,64.76,73,76,5.17,broken clouds
467,Berlevag,NO,70.8578,29.0864,57.2,98,100,6.29,moderate rain
468,Shahr-E Babak,IR,30.1165,55.1186,79.03,8,1,10.83,clear sky
469,Quesnel,CA,52.9999,-122.5029,79.3,57,1,0.0,clear sky
470,Uelzen,DE,52.9667,10.5667,78.12,74,98,2.57,overcast clouds
471,Auki,SB,-8.7676,160.7034,75.27,81,74,5.01,broken clouds
472,Srednekolymsk,RU,67.45,153.6833,72.7,37,91,3.62,overcast clouds
473,Haga,NL,52.0767,4.2986,73.98,87,75,5.99,moderate rain
474,Viedma,AR,-40.8135,-62.9967,49.51,50,87,20.4,overcast clouds
475,Alekseyevka,RU,50.6309,38.6903,76.23,78,79,7.83,broken clouds
476,Borazjan,IR,29.2666,51.2159,87.13,29,0,0.51,clear sky
477,Umm Kaddadah,SD,13.6017,26.6876,87.1,39,99,13.56,overcast clouds
478,Naifaru,MV,5.4444,73.3657,79.52,79,100,3.78,moderate rain
479,Sao Filipe,CV,14.8961,-24.4956,75.99,81,34,8.28,scattered clouds
480,Hinganghat,IN,20.5667,78.8333,81.81,81,94,10.63,overcast clouds
481,Half Moon Bay,US,37.4636,-122.4286,80.96,77,90,9.22,mist
482,Belmonte,BR,-15.8631,-38.8828,80.6,57,68,9.06,broken clouds
483,Abha,SA,18.2164,42.5053,73.22,49,0,9.22,clear sky
484,Vaitape,PF,-16.5167,-151.75,79.7,77,100,9.66,light rain
485,Kampong Chhnang,KH,12.1667,104.55,79.68,79,42,4.76,scattered clouds
486,Kajaani,FI,64.2273,27.7285,69.85,52,0,5.75,clear sky
487,Nortelandia,BR,-14.4547,-56.8028,88.05,36,30,1.34,scattered clouds
488,Cabras,IT,39.93,8.5314,79.92,55,0,7.29,clear sky
489,Santa Cruz De La Palma,ES,28.6835,-17.7642,74.14,64,20,16.11,few clouds
490,Baykit,RU,61.67,96.37,47.52,86,82,1.54,broken clouds
491,Alta Floresta,BR,-9.8756,-56.0861,94.82,43,40,4.61,scattered clouds
492,Kralendijk,BQ,12.15,-68.2667,89.58,62,75,19.57,broken clouds
493,Darnah,LY,32.767,22.6367,83.3,54,0,10.94,clear sky
494,Zyryanka,RU,65.75,150.85,66.79,46,89,6.98,overcast clouds
495,Nabire,ID,-3.3667,135.4833,74.26,91,11,3.96,few clouds
496,Visnes,NO,59.3556,5.2242,60.12,72,20,12.66,few clouds
497,Jumla,NP,29.2747,82.1838,60.76,90,27,0.11,scattered clouds
498,Pekan Nenas,MY,1.51,103.5141,78.78,85,99,1.86,overcast clouds
499,Tautira,PF,-17.7333,-149.15,77.02,79,53,8.43,broken clouds
500,Barra Do Garcas,BR,-15.89,-52.2567,90.18,23,0,5.75,clear sky
501,Bogalusa,US,30.791,-89.8487,88.36,83,1,4.61,clear sky
502,Gisborne,NZ,-38.6533,178.0042,57.94,65,100,15.03,overcast clouds
503,Pravdinsk,RU,54.4429,21.0179,67.84,89,34,6.85,scattered clouds
504,Coihaique,CL,-45.5752,-72.0662,32.61,86,75,3.44,broken clouds
505,Naze,JP,28.3667,129.4833,74.8,94,100,19.15,moderate rain
506,Mutoko,ZW,-17.397,32.2268,61.11,38,3,4.52,clear sky
507,Kuremaa,EE,58.7353,26.5383,71.47,83,98,4.29,overcast clouds
508,Poum,NC,-20.2333,164.0167,74.39,75,99,12.28,overcast clouds
509,Bridlington,GB,54.0831,-0.1919,63.14,92,82,13.0,broken clouds
510,Umea,SE,63.8284,20.2597,67.93,49,0,11.5,clear sky
511,Brandenburg,DE,52.4167,12.55,80.55,58,96,3.78,overcast clouds
512,Talaya,RU,61.3833,152.75,62.17,55,92,0.76,overcast clouds
513,Antofagasta,CL,-23.65,-70.4,60.08,68,83,9.98,broken clouds
514,Tiznit,MA,29.5833,-9.5,75.02,51,0,8.66,clear sky
515,San Carlos,VE,9.6612,-68.5827,84.47,69,96,3.58,light rain
516,Golden,US,39.7555,-105.2211,74.98,52,47,5.99,scattered clouds
517,Tiksi,RU,71.6872,128.8694,34.12,85,99,8.12,overcast clouds
518,Khuzhir,RU,53.1939,107.3397,49.32,93,100,0.76,overcast clouds
519,Novichikha,RU,52.204,81.3877,60.8,60,97,10.56,overcast clouds
520,Kutum,SD,14.2,24.6667,80.85,43,78,24.92,broken clouds
521,Hokitika,NZ,-42.7167,170.9667,48.69,84,97,29.51,overcast clouds
522,San Jose,US,37.3394,-121.895,83.53,64,40,5.75,scattered clouds
523,Thinadhoo,MV,0.5333,72.9333,82.69,71,98,4.99,overcast clouds
524,Okhotsk,RU,59.3833,143.3,48.9,93,18,5.06,few clouds
525,Joshimath,IN,30.5667,79.5667,67.84,85,25,2.59,scattered clouds
526,Eston,CA,51.1501,-108.7514,78.69,41,88,12.17,overcast clouds
527,Coahuayana,MX,18.7333,-103.6833,78.28,98,100,5.32,overcast clouds
528,Rumonge,BI,-3.9736,29.4386,73.13,61,73,4.65,broken clouds
529,Saint-Georges,GD,12.0564,-61.7485,85.68,70,40,23.02,scattered clouds
530,Vera Cruz,BR,-12.6333,-41.0333,80.17,27,34,6.78,scattered clouds
531,Kadom,RU,54.5592,42.4675,74.55,81,39,6.35,scattered clouds
532,Kozhva,RU,65.1073,57.0459,55.4,56,44,4.52,scattered clouds
533,Sydney Mines,CA,46.2367,-60.2177,77.0,87,90,11.01,overcast clouds
534,Nioro,GM,13.35,-15.75,98.49,33,25,6.26,scattered clouds
535,Trairi,BR,-3.2778,-39.2689,86.07,53,85,11.74,overcast clouds
536,Bayog,PH,7.8667,123.0667,73.98,91,100,1.59,overcast clouds
537,Maromitsa,RU,59.8683,48.0123,69.48,90,62,5.14,broken clouds
538,Salamanca,ES,40.8333,-6.0,71.38,31,36,17.31,scattered clouds
539,Mariental,NA,-24.6333,17.9667,65.23,21,7,11.77,clear sky
540,Hirado,JP,33.3597,129.5531,76.35,88,93,8.14,overcast clouds
541,Manokwari,ID,-0.8667,134.0833,77.7,80,12,5.86,few clouds
542,Assiniboia,CA,49.6334,-105.9845,75.11,49,10,13.8,clear sky
543,Ahuimanu,US,21.4447,-157.8378,78.85,71,75,8.05,broken clouds
544,Visby,SE,57.6409,18.296,70.77,73,0,9.22,clear sky
545,Arlit,NE,18.7369,7.3853,101.43,7,0,16.93,clear sky
546,Komsomolskiy,UZ,40.4272,71.7189,81.82,28,2,4.61,clear sky
547,Houston,US,29.7633,-95.3633,91.87,74,75,3.0,broken clouds
548,Batticaloa,LK,7.7102,81.6924,81.64,68,83,8.05,broken clouds
549,Rio Grande,BR,-32.035,-52.0986,55.51,73,100,16.8,overcast clouds
550,Kalabo,ZM,-14.97,22.6814,65.14,29,54,2.55,broken clouds
551,Port-Gentil,GA,-0.7193,8.7815,78.76,78,40,8.05,scattered clouds
552,Metro,ID,-5.1131,105.3067,74.84,92,54,3.71,broken clouds
553,Chapais,CA,49.7834,-74.8492,65.98,98,100,8.43,overcast clouds
554,Dekar,BW,-21.5333,21.9333,61.7,25,0,6.67,clear sky
555,Ukiah,US,39.1502,-123.2078,102.36,44,1,3.44,clear sky
556,Senno,RU,59.5336,33.9167,72.66,71,70,3.65,broken clouds
557,Tanout,NE,14.9709,8.8879,101.82,12,86,1.81,overcast clouds
558,Presidente Medici,BR,-11.1753,-61.9014,92.07,41,43,1.19,scattered clouds
559,Hoquiam,US,46.9809,-123.8893,94.93,54,1,12.66,clear sky
560,Roebourne,AU,-20.7833,117.1333,65.08,66,4,5.64,clear sky
561,Olinda,BR,-8.0089,-34.8553,73.13,83,75,14.97,broken clouds
562,Gumdag,TM,39.2061,54.5906,96.08,16,42,8.61,scattered clouds
563,Maarianhamina,AX,60.0973,19.9348,66.06,77,0,3.44,clear sky
564,Kathmandu,NP,27.7167,85.3167,68.49,93,61,0.31,broken clouds
565,Saurimo,AO,-9.6608,20.3916,68.23,31,7,3.85,clear sky
566,Shizuishan,CN,39.2333,106.7694,84.06,18,68,7.43,broken clouds
567,Emerald,AU,-23.5333,148.1667,48.34,76,0,11.5,clear sky
568,Fjerritslev,DK,57.0813,9.2664,66.06,74,100,20.45,overcast clouds
569,Ishinomaki,JP,38.4167,141.3,66.11,94,96,4.74,overcast clouds
570,San Quintin,MX,30.4833,-115.95,71.78,64,14,9.71,few clouds
571,Medicine Hat,CA,50.0501,-110.6683,85.44,36,20,1.99,few clouds
572,San Carlos De Bariloche,AR,-41.1456,-71.3082,46.44,33,0,0.0,clear sky
573,Kawalu,ID,-7.3817,108.2082,71.71,97,83,2.24,heavy intensity rain
574,Dossor,KZ,47.5272,52.9811,95.59,16,3,9.55,clear sky
575,Hobyo,SO,5.3505,48.5268,77.86,84,81,22.32,broken clouds
576,Jurmala,LV,56.968,23.7704,71.62,64,0,9.22,clear sky
577,Samarai,PG,-10.6167,150.6667,78.42,85,34,10.4,scattered clouds
578,Casa Nova,BR,-9.4167,-41.1333,85.98,38,10,14.99,clear sky
579,Nieuwpoort,BE,51.1244,2.7735,71.01,91,75,1.14,broken clouds
580,Ipixuna,BR,-1.7625,-48.8043,78.75,72,41,3.51,scattered clouds
581,Teya,RU,60.3778,92.6267,47.41,92,66,3.65,broken clouds
582,Bambous Virieux,MU,-20.3428,57.7575,74.21,78,40,10.36,scattered clouds
583,Ferrol,ES,43.4832,-8.2369,64.65,74,54,14.36,broken clouds
584,Dzerzhinsk,RU,56.2389,43.4631,75.02,94,90,2.24,fog
585,Menomonie,US,44.8755,-91.9193,77.52,60,1,5.75,clear sky
586,Comodoro Rivadavia,AR,-45.8667,-67.5,51.66,43,0,8.05,clear sky
587,Calama,CL,-22.4667,-68.9333,63.09,15,0,19.57,clear sky
588,Ankola,IN,14.6667,74.3,78.64,85,100,2.59,light rain
589,Nuuk,GL,64.1835,-51.7216,45.21,100,90,2.3,light intensity drizzle
590,Sao Felix Do Xingu,BR,-6.6447,-51.995,94.41,28,16,3.8,few clouds
591,Yangjiang,CN,21.85,111.9667,81.84,84,100,4.76,overcast clouds
592,Thai Binh,VN,20.45,106.3333,89.6,62,98,13.42,overcast clouds
593,Sobolevo,RU,54.4299,31.8996,66.74,96,96,5.3,light rain
594,Daru,PG,-9.0763,143.2092,76.89,90,84,14.81,broken clouds
595,Boende,CD,-0.2167,20.8667,81.54,51,81,2.19,broken clouds
596,Fairbanks,US,64.8378,-147.7164,65.08,66,1,1.99,light rain
597,Yanam,IN,16.7333,82.2167,81.7,80,73,4.9,broken clouds
598,Hutang,CN,31.5333,119.4833,77.13,98,97,2.08,overcast clouds
599,Saysain,PH,14.5611,120.3925,84.24,81,85,1.77,overcast clouds
600,Homer,US,59.6425,-151.5483,55.08,76,1,0.0,clear sky
601,Meulaboh,ID,4.1363,96.1285,76.73,88,95,3.96,overcast clouds
602,Luanda,AO,-8.8368,13.2343,75.2,83,20,8.05,few clouds
603,Alice Springs,AU,-23.7,133.8833,33.35,86,0,6.91,clear sky
604,Labuhan,ID,-6.8844,112.2051,78.49,85,59,5.68,broken clouds
605,Topeka,US,39.0483,-95.678,77.58,82,75,0.0,light rain
606,Qaqortoq,GL,60.7167,-46.0333,59.5,89,94,7.67,overcast clouds
607,Guanajuato,MX,21.0186,-101.2591,68.32,51,100,6.53,overcast clouds
608,Banepa,NP,27.6298,85.5214,67.06,92,86,0.87,overcast clouds
609,Jawhar,SO,2.7809,45.5005,75.31,79,96,12.5,overcast clouds
610,Humaita,BR,-7.5061,-63.0208,90.54,50,42,1.21,scattered clouds
611,Abu Dhabi,AE,24.4667,54.3667,104.11,30,0,2.3,clear sky
612,Uyovu,TZ,-3.2833,31.5258,68.76,38,90,0.54,overcast clouds
613,Ozinki,RU,51.1786,49.6769,82.2,49,26,1.61,scattered clouds
614,Sibolga,ID,1.7427,98.7792,74.55,93,61,3.96,moderate rain
615,Alberton,CA,46.8168,-64.0654,69.93,87,100,12.24,overcast clouds
616,Santa Marta,CO,11.2408,-74.199,80.94,80,73,2.42,broken clouds
617,Liverpool,GB,53.4106,-2.9779,69.3,73,100,1.01,overcast clouds
618,Koungou,YT,-12.7336,45.2042,76.71,78,75,5.75,broken clouds
619,Nome,US,64.5011,-165.4064,53.67,82,90,12.66,overcast clouds
620,Cobija,BO,-11.0267,-68.7692,87.98,66,75,6.91,broken clouds
621,Souillac,MU,-20.5167,57.5167,74.35,78,40,10.36,scattered clouds
622,Kulhudhuffushi,MV,6.6221,73.07,82.62,74,100,10.87,overcast clouds
623,Bereda,ES,43.2686,-7.5406,65.41,61,53,8.08,broken clouds
624,Qiryat Shemona,IL,33.2073,35.5721,84.99,61,0,5.08,clear sky
625,Senahu,GT,15.4,-89.8333,75.06,62,100,1.57,overcast clouds
626,Araouane,ML,18.9048,-3.5265,109.85,6,1,6.46,clear sky
627,Santa Clara,CU,22.4,-79.9667,87.46,58,40,9.22,scattered clouds
628,Sechura,PE,-5.5569,-80.8222,76.33,60,25,10.8,scattered clouds
629,Hamilton,US,39.1834,-84.5333,88.92,64,40,1.99,scattered clouds
630,Smidovich,RU,48.6,133.8167,61.7,97,88,6.85,overcast clouds
631,Shirgaon,IN,19.7,72.7,82.78,80,100,8.23,light rain
632,Collie,AU,-33.3667,116.15,53.98,91,42,7.87,scattered clouds
633,Coromandel,BR,-18.4733,-47.2003,76.96,31,13,7.54,few clouds
634,Port Hardy,CA,50.6996,-127.4199,71.78,68,1,3.44,clear sky
635,Cuamba,MZ,-14.8031,36.5372,66.34,46,16,2.08,few clouds
636,Shihezi,CN,44.3,86.0333,64.92,42,0,4.54,clear sky
637,Christchurch,NZ,-43.5333,172.6333,52.32,76,48,8.05,light rain
638,Kisangani,CD,0.5167,25.2,78.57,57,79,1.45,broken clouds
639,Bumba,CD,2.1833,22.4667,77.31,66,57,2.42,broken clouds
640,Zhangye,CN,38.9342,100.4517,70.23,56,97,8.01,overcast clouds
641,Sindor,RU,62.8629,51.8905,63.43,68,60,4.94,broken clouds
642,Maragogi,BR,-9.0122,-35.2225,77.16,70,88,13.18,overcast clouds
643,Nantucket,US,41.2835,-70.0995,81.97,86,90,17.27,overcast clouds
644,Kresttsy,RU,58.2452,32.5165,65.32,97,89,3.96,moderate rain
645,Avera,US,33.194,-82.5271,88.72,52,54,9.13,broken clouds
646,Playa Del Carmen,MX,20.6274,-87.0799,87.82,66,75,9.22,broken clouds
647,Rosarito,MX,32.3333,-117.0333,82.2,70,26,6.96,scattered clouds
648,Mushie,CD,-3.0167,16.9,84.63,42,75,3.47,broken clouds
649,Frunze,UA,48.6686,38.7544,72.25,79,49,7.65,scattered clouds
650,Biak,ID,-0.9131,122.8766,75.2,86,48,6.55,scattered clouds
651,Sao Jose De Piranhas,BR,-7.1206,-38.5019,91.42,24,74,8.37,broken clouds
652,Augusto Correa,BR,-1.0217,-46.635,82.83,70,43,4.54,scattered clouds
653,Libreville,GA,0.3925,9.4537,80.62,74,20,6.91,few clouds
654,Puerto Del Rosario,ES,28.5004,-13.8627,74.95,69,20,18.41,few clouds
655,Botwood,CA,49.1499,-55.3482,69.31,95,100,14.97,overcast clouds
656,Bom Jesus,BR,-9.0744,-44.3586,93.43,23,0,5.79,clear sky
657,Tchollire,CM,8.4022,14.1698,73.02,84,94,7.31,light rain
658,Saravena,CO,6.9538,-71.8752,79.81,85,97,3.27,overcast clouds
659,Omsukchan,RU,62.5333,155.8,60.69,54,95,2.3,overcast clouds
660,Grand-Santi,GF,4.25,-54.3833,89.69,45,28,3.44,scattered clouds
661,Isiro,CD,2.7739,27.616,68.31,98,83,5.66,moderate rain
662,Polovinnoye,RU,54.7914,65.9864,62.55,85,27,6.64,scattered clouds
663,Kiruna,SE,67.8557,20.2251,56.32,44,0,11.5,clear sky
664,Praxedis Guerrero,MX,31.3667,-106.0167,90.28,36,8,13.6,clear sky
665,Seoul,KR,37.5683,126.9778,72.79,94,40,1.14,mist
666,Hohhot,CN,40.8106,111.6522,66.49,59,0,4.47,clear sky
667,Blythe,US,33.6103,-114.5964,107.04,14,1,6.91,clear sky
668,Wakkanai,JP,45.4094,141.6739,57.06,91,29,2.1,scattered clouds
669,Birjand,IR,32.8663,59.2211,81.07,9,0,9.22,clear sky
670,Walvis Bay,NA,-22.9575,14.5053,58.15,88,6,3.44,clear sky
671,Gladstone,AU,-23.85,151.25,64.33,68,90,8.05,overcast clouds
672,Arona,ES,28.0996,-16.681,75.99,62,20,8.99,few clouds
673,Tevaitoa,PF,-16.7833,-151.5,80.51,75,100,11.07,overcast clouds
674,Turukhansk,RU,65.8167,87.9833,45.25,99,100,8.72,light rain
675,Verkhnyaya Toyma,RU,62.2349,44.9985,72.79,64,76,5.08,broken clouds
676,Biograd Na Moru,HR,43.9433,15.4519,84.9,50,2,6.87,clear sky
677,Kotido,UG,2.9806,34.1331,73.72,50,61,10.51,broken clouds
678,Katakwi,UG,1.8911,33.9661,74.23,52,100,7.05,overcast clouds
679,Suntar,RU,62.1444,117.6319,61.12,88,98,6.31,light rain
680,Oliver,CA,49.1831,-119.5524,87.71,35,2,2.3,clear sky
681,Gaozhou,CN,21.9392,110.8461,80.08,85,100,3.69,overcast clouds
682,La Ronge,CA,55.1001,-105.2842,71.85,53,40,11.5,scattered clouds
